[
{
  "model": "dashboards.college",
  "pk": 1,
  "fields": {
    "created_at": "2025-03-06T01:01:11.466Z",
    "updated_at": "2025-05-08T08:55:17.817Z",
    "college_name": "College of Sciences"
  }
},
{
  "model": "dashboards.college",
  "pk": 2,
  "fields": {
    "created_at": "2025-03-06T01:01:46.528Z",
    "updated_at": "2025-05-08T08:46:57.259Z",
    "college_name": "College of Teacher Education"
  }
},
{
  "model": "dashboards.college",
  "pk": 3,
  "fields": {
    "created_at": "2025-03-06T01:02:00.611Z",
    "updated_at": "2025-03-06T01:02:00.611Z",
    "college_name": "College of Arts and Humanities"
  }
},
{
  "model": "dashboards.college",
  "pk": 4,
  "fields": {
    "created_at": "2025-03-06T01:02:30.493Z",
    "updated_at": "2025-03-06T01:02:30.493Z",
    "college_name": "College of Business and Accountancy"
  }
},
{
  "model": "dashboards.college",
  "pk": 5,
  "fields": {
    "created_at": "2025-03-06T01:02:55.093Z",
    "updated_at": "2025-03-06T01:02:55.093Z",
    "college_name": "College of Criminal Justice Education"
  }
},
{
  "model": "dashboards.college",
  "pk": 6,
  "fields": {
    "created_at": "2025-03-06T01:03:12.682Z",
    "updated_at": "2025-03-06T01:03:12.682Z",
    "college_name": "College of Engineering"
  }
},
{
  "model": "dashboards.college",
  "pk": 7,
  "fields": {
    "created_at": "2025-03-06T01:03:25.646Z",
    "updated_at": "2025-03-06T01:03:25.646Z",
    "college_name": "College of Architecture"
  }
},
{
  "model": "dashboards.college",
  "pk": 8,
  "fields": {
    "created_at": "2025-03-06T01:03:46.801Z",
    "updated_at": "2025-03-06T01:03:46.801Z",
    "college_name": "College of Nursing and Health Sciences"
  }
},
{
  "model": "dashboards.program",
  "pk": 1,
  "fields": {
    "created_at": "2025-03-06T01:06:46.139Z",
    "updated_at": "2025-04-02T13:13:26.107Z",
    "prog_name": "Bachelor of Science in Computer Science",
    "college": 1
  }
},
{
  "model": "dashboards.program",
  "pk": 2,
  "fields": {
    "created_at": "2025-03-06T01:07:14.598Z",
    "updated_at": "2025-03-06T01:07:14.598Z",
    "prog_name": "Bachelor of Science in Information Technology",
    "college": 1
  }
},
{
  "model": "dashboards.program",
  "pk": 3,
  "fields": {
    "created_at": "2025-03-06T01:07:37.689Z",
    "updated_at": "2025-03-06T01:07:37.689Z",
    "prog_name": "Bachelor of Science in Marine Biology",
    "college": 1
  }
},
{
  "model": "dashboards.program",
  "pk": 4,
  "fields": {
    "created_at": "2025-03-06T01:08:12.260Z",
    "updated_at": "2025-03-06T01:08:12.260Z",
    "prog_name": "Bachelor of Science in Environmental Science",
    "college": 1
  }
},
{
  "model": "dashboards.program",
  "pk": 5,
  "fields": {
    "created_at": "2025-03-06T01:08:55.140Z",
    "updated_at": "2025-03-06T01:08:55.140Z",
    "prog_name": "Bachelor of Science in Civil Engineering",
    "college": 6
  }
},
{
  "model": "dashboards.program",
  "pk": 6,
  "fields": {
    "created_at": "2025-03-06T01:09:25.352Z",
    "updated_at": "2025-03-06T01:09:25.352Z",
    "prog_name": "Bachelor of Science in Nursing",
    "college": 8
  }
},
{
  "model": "dashboards.program",
  "pk": 7,
  "fields": {
    "created_at": "2025-03-06T01:09:43.700Z",
    "updated_at": "2025-03-06T01:09:43.701Z",
    "prog_name": "Bachelor of Science in Midwifery",
    "college": 8
  }
},
{
  "model": "dashboards.program",
  "pk": 8,
  "fields": {
    "created_at": "2025-03-06T01:10:08.639Z",
    "updated_at": "2025-03-06T01:10:08.640Z",
    "prog_name": "Bachelor of Arts in Communication",
    "college": 3
  }
},
{
  "model": "dashboards.program",
  "pk": 9,
  "fields": {
    "created_at": "2025-03-06T01:10:25.184Z",
    "updated_at": "2025-03-06T01:10:25.184Z",
    "prog_name": "Bachelor of Science in Social Work",
    "college": 3
  }
},
{
  "model": "dashboards.program",
  "pk": 10,
  "fields": {
    "created_at": "2025-03-06T01:11:03.330Z",
    "updated_at": "2025-03-06T01:11:03.330Z",
    "prog_name": "Bachelor of Science in Accountancy",
    "college": 4
  }
},
{
  "model": "dashboards.organization",
  "pk": 1,
  "fields": {
    "created_at": "2025-03-06T01:11:39.060Z",
    "updated_at": "2025-03-06T01:11:39.060Z",
    "name": "ACS",
    "college": 1,
    "description": "Association of Computer Scientists"
  }
},
{
  "model": "dashboards.organization",
  "pk": 2,
  "fields": {
    "created_at": "2025-03-06T01:12:02.083Z",
    "updated_at": "2025-03-06T01:12:02.083Z",
    "name": "SITE",
    "college": 1,
    "description": "Society of Information Technology Enthusiasts"
  }
},
{
  "model": "dashboards.organization",
  "pk": 3,
  "fields": {
    "created_at": "2025-03-06T01:25:32.555Z",
    "updated_at": "2025-03-06T01:25:32.555Z",
    "name": "Race Course",
    "college": 1,
    "description": "Political performance market loss."
  }
},
{
  "model": "dashboards.organization",
  "pk": 4,
  "fields": {
    "created_at": "2025-03-06T01:25:32.774Z",
    "updated_at": "2025-03-06T01:25:32.774Z",
    "name": "Art Show",
    "college": 6,
    "description": "Wait ask lead he matter seven service prove."
  }
},
{
  "model": "dashboards.organization",
  "pk": 5,
  "fields": {
    "created_at": "2025-03-06T01:25:32.979Z",
    "updated_at": "2025-03-06T01:25:32.979Z",
    "name": "Bed Pull",
    "college": 2,
    "description": "Power difference bag school media character store."
  }
},
{
  "model": "dashboards.organization",
  "pk": 6,
  "fields": {
    "created_at": "2025-03-06T01:25:33.103Z",
    "updated_at": "2025-03-06T01:25:33.103Z",
    "name": "Trial Talk",
    "college": 2,
    "description": "Site beyond reduce total."
  }
},
{
  "model": "dashboards.organization",
  "pk": 7,
  "fields": {
    "created_at": "2025-03-06T01:25:33.256Z",
    "updated_at": "2025-03-06T01:25:33.256Z",
    "name": "Hair Teach",
    "college": 5,
    "description": "Physical hundred change three store story."
  }
},
{
  "model": "dashboards.organization",
  "pk": 8,
  "fields": {
    "created_at": "2025-03-06T01:25:33.432Z",
    "updated_at": "2025-03-06T01:25:33.432Z",
    "name": "Entire Back",
    "college": 1,
    "description": "Bit lose claim that throw second business find."
  }
},
{
  "model": "dashboards.organization",
  "pk": 9,
  "fields": {
    "created_at": "2025-03-06T01:25:33.573Z",
    "updated_at": "2025-03-06T01:25:33.573Z",
    "name": "Social Five",
    "college": 5,
    "description": "Determine challenge piece option possible."
  }
},
{
  "model": "dashboards.organization",
  "pk": 10,
  "fields": {
    "created_at": "2025-03-06T01:25:33.760Z",
    "updated_at": "2025-03-06T01:25:33.760Z",
    "name": "President Bag",
    "college": 3,
    "description": "Available long value after thus evidence."
  }
},
{
  "model": "dashboards.organization",
  "pk": 11,
  "fields": {
    "created_at": "2025-03-06T01:25:33.892Z",
    "updated_at": "2025-03-06T01:25:33.892Z",
    "name": "Him Company",
    "college": 7,
    "description": "Ok fine ball Republican body imagine effort."
  }
},
{
  "model": "dashboards.organization",
  "pk": 12,
  "fields": {
    "created_at": "2025-03-06T01:25:34.045Z",
    "updated_at": "2025-03-06T01:25:34.045Z",
    "name": "Several Yard",
    "college": 6,
    "description": "Animal edge put make them south garden."
  }
},
{
  "model": "dashboards.organization",
  "pk": 13,
  "fields": {
    "created_at": "2025-04-01T10:05:05.640Z",
    "updated_at": "2025-04-01T10:46:54.774Z",
    "name": "Environmental Science Student Association",
    "college": 1,
    "description": "ESSA"
  }
},
{
  "model": "dashboards.student",
  "pk": 1,
  "fields": {
    "created_at": "2025-03-06T01:13:10.757Z",
    "updated_at": "2025-04-02T12:38:13.272Z",
    "student_id": "2022-8-0083",
    "lastname": "Bugayong",
    "firstname": "Marie Cristel",
    "middlename": "Pagliawan",
    "program": 2
  }
},
{
  "model": "dashboards.student",
  "pk": 2,
  "fields": {
    "created_at": "2025-03-06T01:13:42.535Z",
    "updated_at": "2025-03-06T01:13:42.535Z",
    "student_id": "2022-8-0144",
    "lastname": "Dato-on",
    "firstname": "John Victor",
    "middlename": "Luscares",
    "program": 2
  }
},
{
  "model": "dashboards.student",
  "pk": 3,
  "fields": {
    "created_at": "2025-03-06T01:25:34.499Z",
    "updated_at": "2025-03-06T01:25:34.499Z",
    "student_id": "2024-5-8820",
    "lastname": "Johnson",
    "firstname": "James",
    "middlename": "Doyle",
    "program": 10
  }
},
{
  "model": "dashboards.student",
  "pk": 4,
  "fields": {
    "created_at": "2025-03-06T01:25:34.624Z",
    "updated_at": "2025-03-06T01:25:34.624Z",
    "student_id": "2024-7-7354",
    "lastname": "Moore",
    "firstname": "Pamela",
    "middlename": "Richard",
    "program": 6
  }
},
{
  "model": "dashboards.student",
  "pk": 5,
  "fields": {
    "created_at": "2025-03-06T01:25:34.718Z",
    "updated_at": "2025-03-06T01:25:34.718Z",
    "student_id": "2022-5-3653",
    "lastname": "Cruz",
    "firstname": "Ryan",
    "middlename": "Newton",
    "program": 5
  }
},
{
  "model": "dashboards.student",
  "pk": 6,
  "fields": {
    "created_at": "2025-03-06T01:25:34.827Z",
    "updated_at": "2025-03-06T01:25:34.827Z",
    "student_id": "2022-8-2017",
    "lastname": "Owen",
    "firstname": "Mary",
    "middlename": "Horton",
    "program": 7
  }
},
{
  "model": "dashboards.student",
  "pk": 7,
  "fields": {
    "created_at": "2025-03-06T01:25:34.961Z",
    "updated_at": "2025-03-06T01:25:34.961Z",
    "student_id": "2020-4-4601",
    "lastname": "Fox",
    "firstname": "Robert",
    "middlename": "Harris",
    "program": 3
  }
},
{
  "model": "dashboards.student",
  "pk": 8,
  "fields": {
    "created_at": "2025-03-06T01:25:35.064Z",
    "updated_at": "2025-03-06T01:25:35.064Z",
    "student_id": "2021-2-4663",
    "lastname": "Reese",
    "firstname": "Lori",
    "middlename": "Brown",
    "program": 8
  }
},
{
  "model": "dashboards.student",
  "pk": 9,
  "fields": {
    "created_at": "2025-03-06T01:25:35.173Z",
    "updated_at": "2025-03-06T01:25:35.173Z",
    "student_id": "2024-5-5323",
    "lastname": "Jones",
    "firstname": "Robert",
    "middlename": "Lewis",
    "program": 2
  }
},
{
  "model": "dashboards.student",
  "pk": 10,
  "fields": {
    "created_at": "2025-03-06T01:25:35.329Z",
    "updated_at": "2025-03-06T01:25:35.329Z",
    "student_id": "2020-3-4713",
    "lastname": "Buck",
    "firstname": "Gary",
    "middlename": "King",
    "program": 2
  }
},
{
  "model": "dashboards.student",
  "pk": 11,
  "fields": {
    "created_at": "2025-03-06T01:25:35.423Z",
    "updated_at": "2025-03-06T01:25:35.423Z",
    "student_id": "2024-8-253",
    "lastname": "Stewart",
    "firstname": "Holly",
    "middlename": "Campos",
    "program": 7
  }
},
{
  "model": "dashboards.student",
  "pk": 12,
  "fields": {
    "created_at": "2025-03-06T01:25:35.541Z",
    "updated_at": "2025-03-06T01:25:35.541Z",
    "student_id": "2022-2-8845",
    "lastname": "Anthony",
    "firstname": "Connor",
    "middlename": "Holland",
    "program": 7
  }
},
{
  "model": "dashboards.student",
  "pk": 13,
  "fields": {
    "created_at": "2025-03-06T01:25:35.739Z",
    "updated_at": "2025-03-06T01:25:35.739Z",
    "student_id": "2024-5-5281",
    "lastname": "Lawrence",
    "firstname": "Jessica",
    "middlename": "Houston",
    "program": 5
  }
},
{
  "model": "dashboards.student",
  "pk": 14,
  "fields": {
    "created_at": "2025-03-06T01:25:35.849Z",
    "updated_at": "2025-03-06T01:25:35.849Z",
    "student_id": "2021-8-2081",
    "lastname": "Perez",
    "firstname": "Brenda",
    "middlename": "Davies",
    "program": 10
  }
},
{
  "model": "dashboards.student",
  "pk": 15,
  "fields": {
    "created_at": "2025-03-06T01:25:35.958Z",
    "updated_at": "2025-03-06T01:25:35.958Z",
    "student_id": "2020-1-9783",
    "lastname": "Turner",
    "firstname": "Chris",
    "middlename": "Galvan",
    "program": 3
  }
},
{
  "model": "dashboards.student",
  "pk": 16,
  "fields": {
    "created_at": "2025-03-06T01:25:36.072Z",
    "updated_at": "2025-03-06T01:25:36.072Z",
    "student_id": "2020-5-6077",
    "lastname": "Carr",
    "firstname": "Chad",
    "middlename": "Barber",
    "program": 7
  }
},
{
  "model": "dashboards.student",
  "pk": 17,
  "fields": {
    "created_at": "2025-03-06T01:25:36.179Z",
    "updated_at": "2025-03-06T01:25:36.179Z",
    "student_id": "2021-7-6883",
    "lastname": "Gibson",
    "firstname": "Jessica",
    "middlename": "Moon",
    "program": 6
  }
},
{
  "model": "dashboards.student",
  "pk": 18,
  "fields": {
    "created_at": "2025-03-06T01:25:36.273Z",
    "updated_at": "2025-03-06T01:25:36.273Z",
    "student_id": "2022-5-7279",
    "lastname": "Rivers",
    "firstname": "Jeffrey",
    "middlename": "Wilson",
    "program": 6
  }
},
{
  "model": "dashboards.student",
  "pk": 19,
  "fields": {
    "created_at": "2025-03-06T01:25:36.382Z",
    "updated_at": "2025-03-06T01:25:36.382Z",
    "student_id": "2021-8-7544",
    "lastname": "Munoz",
    "firstname": "Devin",
    "middlename": "Fields",
    "program": 6
  }
},
{
  "model": "dashboards.student",
  "pk": 20,
  "fields": {
    "created_at": "2025-03-06T01:25:36.491Z",
    "updated_at": "2025-03-06T01:25:36.491Z",
    "student_id": "2021-1-9887",
    "lastname": "Hicks",
    "firstname": "Kevin",
    "middlename": "Jennings",
    "program": 4
  }
},
{
  "model": "dashboards.student",
  "pk": 21,
  "fields": {
    "created_at": "2025-03-06T01:25:36.570Z",
    "updated_at": "2025-03-06T01:25:36.570Z",
    "student_id": "2024-8-9098",
    "lastname": "Gentry",
    "firstname": "Stephanie",
    "middlename": "Garcia",
    "program": 3
  }
},
{
  "model": "dashboards.student",
  "pk": 22,
  "fields": {
    "created_at": "2025-03-06T01:25:36.694Z",
    "updated_at": "2025-03-06T01:25:36.694Z",
    "student_id": "2020-3-863",
    "lastname": "Pearson",
    "firstname": "Brandon",
    "middlename": "Gonzalez",
    "program": 8
  }
},
{
  "model": "dashboards.student",
  "pk": 23,
  "fields": {
    "created_at": "2025-03-06T01:25:36.804Z",
    "updated_at": "2025-03-06T01:25:36.804Z",
    "student_id": "2024-7-8212",
    "lastname": "Perry",
    "firstname": "Sean",
    "middlename": "Rodriguez",
    "program": 2
  }
},
{
  "model": "dashboards.student",
  "pk": 24,
  "fields": {
    "created_at": "2025-03-06T01:25:36.912Z",
    "updated_at": "2025-03-06T01:25:36.912Z",
    "student_id": "2024-1-1218",
    "lastname": "Smith",
    "firstname": "Kimberly",
    "middlename": "Roberts",
    "program": 6
  }
},
{
  "model": "dashboards.student",
  "pk": 25,
  "fields": {
    "created_at": "2025-03-06T01:25:37.038Z",
    "updated_at": "2025-03-06T01:25:37.038Z",
    "student_id": "2020-4-42",
    "lastname": "Bolton",
    "firstname": "William",
    "middlename": "Villa",
    "program": 2
  }
},
{
  "model": "dashboards.student",
  "pk": 26,
  "fields": {
    "created_at": "2025-03-06T01:25:37.149Z",
    "updated_at": "2025-03-06T01:25:37.149Z",
    "student_id": "2021-8-6232",
    "lastname": "Jordan",
    "firstname": "Wendy",
    "middlename": "Baker",
    "program": 3
  }
},
{
  "model": "dashboards.student",
  "pk": 27,
  "fields": {
    "created_at": "2025-03-06T01:25:37.243Z",
    "updated_at": "2025-03-06T01:25:37.243Z",
    "student_id": "2024-4-5102",
    "lastname": "Porter",
    "firstname": "Dwayne",
    "middlename": "Santiago",
    "program": 10
  }
},
{
  "model": "dashboards.student",
  "pk": 28,
  "fields": {
    "created_at": "2025-03-06T01:25:37.352Z",
    "updated_at": "2025-03-06T01:25:37.352Z",
    "student_id": "2024-2-7947",
    "lastname": "Bailey",
    "firstname": "Robert",
    "middlename": "Johnson",
    "program": 2
  }
},
{
  "model": "dashboards.student",
  "pk": 29,
  "fields": {
    "created_at": "2025-03-06T01:25:37.493Z",
    "updated_at": "2025-03-06T01:25:37.493Z",
    "student_id": "2023-8-6022",
    "lastname": "Maddox",
    "firstname": "Brooke",
    "middlename": "Jones",
    "program": 3
  }
},
{
  "model": "dashboards.student",
  "pk": 30,
  "fields": {
    "created_at": "2025-03-06T01:25:37.587Z",
    "updated_at": "2025-03-06T01:25:37.587Z",
    "student_id": "2020-1-2082",
    "lastname": "Calderon",
    "firstname": "Marco",
    "middlename": "Jacobs",
    "program": 9
  }
},
{
  "model": "dashboards.student",
  "pk": 31,
  "fields": {
    "created_at": "2025-03-06T01:25:37.699Z",
    "updated_at": "2025-03-06T01:25:37.699Z",
    "student_id": "2022-3-3083",
    "lastname": "Rush",
    "firstname": "Robert",
    "middlename": "Blake",
    "program": 1
  }
},
{
  "model": "dashboards.student",
  "pk": 32,
  "fields": {
    "created_at": "2025-03-06T01:25:37.792Z",
    "updated_at": "2025-03-06T01:25:37.792Z",
    "student_id": "2020-4-6888",
    "lastname": "Nguyen",
    "firstname": "Xavier",
    "middlename": "Sims",
    "program": 2
  }
},
{
  "model": "dashboards.student",
  "pk": 33,
  "fields": {
    "created_at": "2025-03-06T01:25:37.887Z",
    "updated_at": "2025-03-06T01:25:37.887Z",
    "student_id": "2024-1-2498",
    "lastname": "Martin",
    "firstname": "James",
    "middlename": "Hughes",
    "program": 8
  }
},
{
  "model": "dashboards.student",
  "pk": 34,
  "fields": {
    "created_at": "2025-03-06T01:25:37.980Z",
    "updated_at": "2025-03-06T01:25:37.980Z",
    "student_id": "2024-6-9872",
    "lastname": "Lee",
    "firstname": "Karla",
    "middlename": "George",
    "program": 9
  }
},
{
  "model": "dashboards.student",
  "pk": 35,
  "fields": {
    "created_at": "2025-03-06T01:25:38.090Z",
    "updated_at": "2025-03-06T01:25:38.090Z",
    "student_id": "2023-2-1820",
    "lastname": "Larson",
    "firstname": "Darlene",
    "middlename": "Roberts",
    "program": 8
  }
},
{
  "model": "dashboards.student",
  "pk": 36,
  "fields": {
    "created_at": "2025-03-06T01:25:38.216Z",
    "updated_at": "2025-03-06T01:25:38.216Z",
    "student_id": "2022-4-5971",
    "lastname": "Hall",
    "firstname": "Peter",
    "middlename": "Patrick",
    "program": 8
  }
},
{
  "model": "dashboards.student",
  "pk": 37,
  "fields": {
    "created_at": "2025-03-06T01:25:38.341Z",
    "updated_at": "2025-03-06T01:25:38.341Z",
    "student_id": "2020-2-2515",
    "lastname": "Moore",
    "firstname": "Randy",
    "middlename": "Hardy",
    "program": 5
  }
},
{
  "model": "dashboards.student",
  "pk": 38,
  "fields": {
    "created_at": "2025-03-06T01:25:38.497Z",
    "updated_at": "2025-03-06T01:25:38.497Z",
    "student_id": "2023-1-1953",
    "lastname": "Lee",
    "firstname": "Larry",
    "middlename": "Carter",
    "program": 4
  }
},
{
  "model": "dashboards.student",
  "pk": 39,
  "fields": {
    "created_at": "2025-03-06T01:25:38.596Z",
    "updated_at": "2025-03-06T01:25:38.596Z",
    "student_id": "2022-5-9218",
    "lastname": "Roy",
    "firstname": "Andrea",
    "middlename": "Peters",
    "program": 6
  }
},
{
  "model": "dashboards.student",
  "pk": 40,
  "fields": {
    "created_at": "2025-03-06T01:25:38.700Z",
    "updated_at": "2025-03-06T01:25:38.700Z",
    "student_id": "2020-4-9528",
    "lastname": "Contreras",
    "firstname": "Jay",
    "middlename": "Case",
    "program": 6
  }
},
{
  "model": "dashboards.student",
  "pk": 41,
  "fields": {
    "created_at": "2025-03-06T01:25:38.812Z",
    "updated_at": "2025-03-06T01:25:38.812Z",
    "student_id": "2020-8-2757",
    "lastname": "Lowery",
    "firstname": "Erin",
    "middlename": "Lopez",
    "program": 7
  }
},
{
  "model": "dashboards.student",
  "pk": 42,
  "fields": {
    "created_at": "2025-03-06T01:25:38.906Z",
    "updated_at": "2025-03-06T01:25:38.906Z",
    "student_id": "2022-2-2506",
    "lastname": "Collins",
    "firstname": "Jessica",
    "middlename": "Campbell",
    "program": 2
  }
},
{
  "model": "dashboards.student",
  "pk": 43,
  "fields": {
    "created_at": "2025-03-06T01:25:39.015Z",
    "updated_at": "2025-03-06T01:25:39.015Z",
    "student_id": "2023-8-9769",
    "lastname": "Smith",
    "firstname": "Victoria",
    "middlename": "Krueger",
    "program": 1
  }
},
{
  "model": "dashboards.student",
  "pk": 44,
  "fields": {
    "created_at": "2025-03-06T01:25:39.109Z",
    "updated_at": "2025-03-06T01:25:39.109Z",
    "student_id": "2020-3-2353",
    "lastname": "Macdonald",
    "firstname": "Theresa",
    "middlename": "Greer",
    "program": 1
  }
},
{
  "model": "dashboards.student",
  "pk": 45,
  "fields": {
    "created_at": "2025-03-06T01:25:39.239Z",
    "updated_at": "2025-03-06T01:25:39.239Z",
    "student_id": "2020-1-6985",
    "lastname": "Jackson",
    "firstname": "Jonathan",
    "middlename": "Harrison",
    "program": 5
  }
},
{
  "model": "dashboards.student",
  "pk": 46,
  "fields": {
    "created_at": "2025-03-06T01:25:39.361Z",
    "updated_at": "2025-03-06T01:25:39.361Z",
    "student_id": "2021-8-7529",
    "lastname": "Lopez",
    "firstname": "Charlene",
    "middlename": "Herrera",
    "program": 2
  }
},
{
  "model": "dashboards.student",
  "pk": 47,
  "fields": {
    "created_at": "2025-03-06T01:25:39.486Z",
    "updated_at": "2025-03-06T01:25:39.486Z",
    "student_id": "2020-7-7936",
    "lastname": "Barrett",
    "firstname": "Richard",
    "middlename": "Reyes",
    "program": 9
  }
},
{
  "model": "dashboards.student",
  "pk": 48,
  "fields": {
    "created_at": "2025-03-06T01:25:39.580Z",
    "updated_at": "2025-03-06T01:25:39.580Z",
    "student_id": "2023-7-8188",
    "lastname": "Ferrell",
    "firstname": "Kelsey",
    "middlename": "Harris",
    "program": 4
  }
},
{
  "model": "dashboards.student",
  "pk": 49,
  "fields": {
    "created_at": "2025-03-06T01:25:39.704Z",
    "updated_at": "2025-03-06T01:25:39.704Z",
    "student_id": "2022-2-8980",
    "lastname": "Simmons",
    "firstname": "Brent",
    "middlename": "Reed",
    "program": 10
  }
},
{
  "model": "dashboards.student",
  "pk": 50,
  "fields": {
    "created_at": "2025-03-06T01:25:39.862Z",
    "updated_at": "2025-03-06T01:25:39.862Z",
    "student_id": "2020-6-850",
    "lastname": "Freeman",
    "firstname": "John",
    "middlename": "Jackson",
    "program": 3
  }
},
{
  "model": "dashboards.student",
  "pk": 51,
  "fields": {
    "created_at": "2025-03-06T01:25:40.033Z",
    "updated_at": "2025-03-06T01:25:40.033Z",
    "student_id": "2024-2-3558",
    "lastname": "Hernandez",
    "firstname": "Richard",
    "middlename": "Tran",
    "program": 2
  }
},
{
  "model": "dashboards.student",
  "pk": 52,
  "fields": {
    "created_at": "2025-03-06T01:25:40.158Z",
    "updated_at": "2025-03-06T01:25:40.158Z",
    "student_id": "2021-6-7742",
    "lastname": "Chambers",
    "firstname": "Audrey",
    "middlename": "Huerta",
    "program": 7
  }
},
{
  "model": "dashboards.orgmember",
  "pk": 1,
  "fields": {
    "created_at": "2025-03-06T01:14:11.587Z",
    "updated_at": "2025-03-06T01:14:11.587Z",
    "student": 1,
    "organization": 1,
    "date_joined": "2025-03-06"
  }
},
{
  "model": "dashboards.orgmember",
  "pk": 2,
  "fields": {
    "created_at": "2025-03-06T01:14:23.053Z",
    "updated_at": "2025-03-06T01:14:23.053Z",
    "student": 2,
    "organization": 2,
    "date_joined": "2025-03-06"
  }
},
{
  "model": "dashboards.orgmember",
  "pk": 3,
  "fields": {
    "created_at": "2025-03-06T01:25:40.268Z",
    "updated_at": "2025-03-06T01:25:40.268Z",
    "student": 7,
    "organization": 7,
    "date_joined": "2023-10-28"
  }
},
{
  "model": "dashboards.orgmember",
  "pk": 4,
  "fields": {
    "created_at": "2025-03-06T01:25:40.383Z",
    "updated_at": "2025-03-06T01:25:40.383Z",
    "student": 28,
    "organization": 4,
    "date_joined": "2024-04-22"
  }
},
{
  "model": "dashboards.orgmember",
  "pk": 5,
  "fields": {
    "created_at": "2025-03-06T01:25:40.492Z",
    "updated_at": "2025-03-06T01:25:40.492Z",
    "student": 37,
    "organization": 8,
    "date_joined": "2024-02-02"
  }
},
{
  "model": "dashboards.orgmember",
  "pk": 6,
  "fields": {
    "created_at": "2025-03-06T01:25:40.617Z",
    "updated_at": "2025-03-06T01:25:40.617Z",
    "student": 49,
    "organization": 12,
    "date_joined": "2024-06-18"
  }
},
{
  "model": "dashboards.orgmember",
  "pk": 7,
  "fields": {
    "created_at": "2025-03-06T01:25:40.727Z",
    "updated_at": "2025-03-06T01:25:40.727Z",
    "student": 28,
    "organization": 2,
    "date_joined": "2023-12-20"
  }
},
{
  "model": "dashboards.orgmember",
  "pk": 8,
  "fields": {
    "created_at": "2025-03-06T01:25:40.851Z",
    "updated_at": "2025-03-06T01:25:40.851Z",
    "student": 4,
    "organization": 6,
    "date_joined": "2024-12-11"
  }
},
{
  "model": "dashboards.orgmember",
  "pk": 9,
  "fields": {
    "created_at": "2025-03-06T01:25:40.945Z",
    "updated_at": "2025-03-06T01:25:40.945Z",
    "student": 4,
    "organization": 9,
    "date_joined": "2023-06-19"
  }
},
{
  "model": "dashboards.orgmember",
  "pk": 10,
  "fields": {
    "created_at": "2025-03-06T01:25:41.132Z",
    "updated_at": "2025-03-06T01:25:41.132Z",
    "student": 7,
    "organization": 2,
    "date_joined": "2024-12-18"
  }
},
{
  "model": "dashboards.orgmember",
  "pk": 11,
  "fields": {
    "created_at": "2025-03-06T01:25:41.320Z",
    "updated_at": "2025-03-06T01:25:41.320Z",
    "student": 38,
    "organization": 11,
    "date_joined": "2023-07-04"
  }
},
{
  "model": "dashboards.orgmember",
  "pk": 12,
  "fields": {
    "created_at": "2025-03-06T01:25:41.445Z",
    "updated_at": "2025-03-06T01:25:41.445Z",
    "student": 24,
    "organization": 1,
    "date_joined": "2024-10-22"
  }
}
]
